[
  {
    "componentType": "text",
    "template": "<p style=\"color:blue\">{{content}}</p>",
    "data": {
      "content": "It works!"
    },
    "pageId": "e8cdccde-dbcb-4210-816e-b758fbbdd7e9",
    "id": "c5120bcc-d3e7-4797-b452-8bd18845581b",
    "createdAt": "2026-01-24T22:11:23.530Z",
    "updatedAt": "2026-01-24T22:11:23.530Z"
  },
  {
    "componentType": "text",
    "template": "<p style='color:blue'>{{content}}</p>",
    "data": {
      "content": "It works!"
    },
    "pageId": "fc883b1d-59b9-4259-9d37-76975ae71444",
    "id": "ae0006d0-263b-4c98-8fc9-74f92e64b5b5",
    "createdAt": "2026-01-24T22:11:48.953Z",
    "updatedAt": "2026-01-24T22:11:48.953Z"
  }
]