[
  {
    "title": "My First Doc",
    "status": "DRAFT",
    "template": "",
    "data": {
      "author": "Antigravity"
    },
    "globalContext": {},
    "metadata": {},
    "id": "12858e9e-7b2f-45b7-96df-32837e27aee0",
    "createdAt": "2026-01-24T21:54:35.837Z",
    "updatedAt": "2026-01-24T21:54:35.838Z"
  },
  {
    "title": "Render Test Doc",
    "status": "DRAFT",
    "template": "<html><body><h1>{{title}}</h1>{{{sections}}}</body></html>",
    "data": {
      "title": "Hello Render World"
    },
    "globalContext": {},
    "metadata": {},
    "id": "8648a4d6-5ad0-4fdd-9c7a-d6f98bd2ab4b",
    "createdAt": "2026-01-24T22:10:53.810Z",
    "updatedAt": "2026-01-24T22:10:53.811Z"
  },
  {
    "title": "RenderTest",
    "status": "DRAFT",
    "template": "<html><h1>{{title}}</h1>{{{sections}}}</html>",
    "data": {
      "title": "Hello World"
    },
    "globalContext": {},
    "metadata": {},
    "id": "c5fc3726-d2cb-4477-8fb1-6ba37f00a239",
    "createdAt": "2026-01-24T22:11:02.314Z",
    "updatedAt": "2026-01-24T22:11:02.314Z",
    "sections": [
      {
        "template": "<section><h2>Section 1</h2>{{{pages}}}</section>",
        "documentId": "c5fc3726-d2cb-4477-8fb1-6ba37f00a239",
        "pages": [
          {
            "template": "<div class=page>{{{components}}}</div>",
            "sectionId": "49f6388e-9b1e-4b9f-a936-7b2c4cfb98d3",
            "components": [
              {
                "componentType": "text",
                "template": "<p style=\"color:blue\">{{content}}</p>",
                "data": {
                  "content": "It works!"
                },
                "pageId": "e8cdccde-dbcb-4210-816e-b758fbbdd7e9",
                "id": "c5120bcc-d3e7-4797-b452-8bd18845581b",
                "createdAt": "2026-01-24T22:11:23.530Z",
                "updatedAt": "2026-01-24T22:11:23.530Z"
              }
            ],
            "id": "e8cdccde-dbcb-4210-816e-b758fbbdd7e9",
            "createdAt": "2026-01-24T22:11:23.254Z",
            "updatedAt": "2026-01-24T22:11:23.254Z"
          }
        ],
        "id": "49f6388e-9b1e-4b9f-a936-7b2c4cfb98d3",
        "createdAt": "2026-01-24T22:11:23.015Z",
        "updatedAt": "2026-01-24T22:11:23.015Z"
      }
    ]
  },
  {
    "title": "Render Test",
    "status": "DRAFT",
    "template": "<html><h1>{{title}}</h1>{{{sections}}}</html>",
    "data": {
      "title": "Hello World"
    },
    "globalContext": {},
    "metadata": {},
    "id": "9444f080-ef56-4c3e-a6d3-bba08542e041",
    "createdAt": "2026-01-24T22:11:48.944Z",
    "updatedAt": "2026-01-24T22:11:48.944Z"
  }
]