[
  {
    "template": "<div class=page>{{{components}}}</div>",
    "sectionId": "49f6388e-9b1e-4b9f-a936-7b2c4cfb98d3",
    "components": [
      {
        "componentType": "text",
        "template": "<p style=\"color:blue\">{{content}}</p>",
        "data": {
          "content": "It works!"
        },
        "pageId": "e8cdccde-dbcb-4210-816e-b758fbbdd7e9",
        "id": "c5120bcc-d3e7-4797-b452-8bd18845581b",
        "createdAt": "2026-01-24T22:11:23.530Z",
        "updatedAt": "2026-01-24T22:11:23.530Z"
      }
    ],
    "id": "e8cdccde-dbcb-4210-816e-b758fbbdd7e9",
    "createdAt": "2026-01-24T22:11:23.254Z",
    "updatedAt": "2026-01-24T22:11:23.254Z"
  },
  {
    "template": "<div class='page'>{{{components}}}</div>",
    "sectionId": "1e4b100e-f5af-4ae8-b21c-06dbc5765e34",
    "components": [],
    "id": "fc883b1d-59b9-4259-9d37-76975ae71444",
    "createdAt": "2026-01-24T22:11:48.951Z",
    "updatedAt": "2026-01-24T22:11:48.951Z"
  }
]