[
  {
    "template": "<div>Section 1</div>",
    "data": {},
    "documentId": "12858e9e-7b2f-45b7-96df-32837e27aee0",
    "pages": [],
    "id": "bf87d6ee-a240-4c8c-b254-0473b01a66d6",
    "createdAt": "2026-01-24T21:54:56.250Z",
    "updatedAt": "2026-01-24T21:54:56.250Z"
  },
  {
    "template": "<section><h2>Section 1</h2>{{{pages}}}</section>",
    "documentId": "c5fc3726-d2cb-4477-8fb1-6ba37f00a239",
    "pages": [
      {
        "template": "<div class=page>{{{components}}}</div>",
        "sectionId": "49f6388e-9b1e-4b9f-a936-7b2c4cfb98d3",
        "components": [
          {
            "componentType": "text",
            "template": "<p style=\"color:blue\">{{content}}</p>",
            "data": {
              "content": "It works!"
            },
            "pageId": "e8cdccde-dbcb-4210-816e-b758fbbdd7e9",
            "id": "c5120bcc-d3e7-4797-b452-8bd18845581b",
            "createdAt": "2026-01-24T22:11:23.530Z",
            "updatedAt": "2026-01-24T22:11:23.530Z"
          }
        ],
        "id": "e8cdccde-dbcb-4210-816e-b758fbbdd7e9",
        "createdAt": "2026-01-24T22:11:23.254Z",
        "updatedAt": "2026-01-24T22:11:23.254Z"
      }
    ],
    "id": "49f6388e-9b1e-4b9f-a936-7b2c4cfb98d3",
    "createdAt": "2026-01-24T22:11:23.015Z",
    "updatedAt": "2026-01-24T22:11:23.015Z"
  },
  {
    "template": "<section><h2>Section 1</h2>{{{pages}}}</section>",
    "documentId": "9444f080-ef56-4c3e-a6d3-bba08542e041",
    "pages": [],
    "id": "1e4b100e-f5af-4ae8-b21c-06dbc5765e34",
    "createdAt": "2026-01-24T22:11:48.949Z",
    "updatedAt": "2026-01-24T22:11:48.949Z"
  }
]